{
  "project_info": {
    "project_number": "849780435573",
    "firebase_url": "https://charla-63c08.firebaseio.com",
    "project_id": "charla-63c08",
    "storage_bucket": "charla-63c08.appspot.com"
  },
  "client": [
    {
      "client_info": {
        "mobilesdk_app_id": "1:849780435573:android:45294331d256f70c",
        "android_client_info": {
          "package_name": "ml.siddharthm.charla"
        }
      },
      "oauth_client": [
        {
          "client_id": "849780435573-79rnddkbb1sgp9o59kou1smbn1gmmqft.apps.googleusercontent.com",
          "client_type": 1,
          "android_info": {
            "package_name": "ml.siddharthm.charla",
            "certificate_hash": "dd2150147763d1bac9b257511fb14b0eca138646"
          }
        },
        {
          "client_id": "849780435573-hoe7da0dhsgv9imfnd7t1o174frtdbm6.apps.googleusercontent.com",
          "client_type": 3
        }
      ],
      "api_key": [
        {
          "current_key": "AIzaSyCGyKjHDMtZrLX-1yG_Lke-hTBi76txAjk"
        }
      ],
      "services": {
        "analytics_service": {
          "status": 1
        },
        "appinvite_service": {
          "status": 2,
          "other_platform_oauth_client": [
            {
              "client_id": "849780435573-hoe7da0dhsgv9imfnd7t1o174frtdbm6.apps.googleusercontent.com",
              "client_type": 3
            }
          ]
        },
        "ads_service": {
          "status": 2
        }
      }
    }
  ],
  "configuration_version": "1"
}